Crop,Variety,Germination Period,Water Needs,Fertilization Needs,Sun Requirements,Common Pests,Growing Season,Companion Plants
Tomato,Cherry,5-10 days,Moderate,Monthly feeding with balanced fertilizer,Full Sun (6-8 hours),"Aphids, Tomato Hornworms","Spring, Summer","Basil, Carrots, Marigold"
Tomato,Heirloom,5-10 days,Moderate,Monthly feeding with balanced fertilizer,Full Sun (6-8 hours),"Aphids, Tomato Hornworms","Spring, Summer","Basil, Carrots, Marigold"
Tomato,Beefsteak,5-10 days,Moderate,Monthly feeding with balanced fertilizer,Full Sun (6-8 hours),"Aphids, Tomato Hornworms","Spring, Summer","Basil, Carrots, Marigold"
Basil,Sweet,5-10 days,Moderate,Light monthly feeding,Full Sun (6-8 hours),"Aphids, Japanese Beetles","Spring, Summer","Tomato, Peppers, Oregano"
Basil,Thai,5-10 days,Moderate,Light monthly feeding,Full Sun (6-8 hours),"Aphids, Japanese Beetles","Spring, Summer","Tomato, Peppers, Oregano"
Basil,Lemon,5-10 days,Moderate,Light monthly feeding,Full Sun (6-8 hours),"Aphids, Japanese Beetles","Spring, Summer","Tomato, Peppers, Oregano"
Carrot,Nantes,10-21 days,Moderate,Light feeding with phosphorus,Full Sun (6-8 hours),"Carrot Rust Fly, Aphids","Spring, Fall","Tomatoes, Peas, Lettuce"
Carrot,Imperator,10-21 days,Moderate,Light feeding with phosphorus,Full Sun (6-8 hours),"Carrot Rust Fly, Aphids","Spring, Fall","Tomatoes, Peas, Lettuce"
Carrot,Danvers,10-21 days,Moderate,Light feeding with phosphorus,Full Sun (6-8 hours),"Carrot Rust Fly, Aphids","Spring, Fall","Tomatoes, Peas, Lettuce"
Lettuce,Romaine,7-10 days,High,Balanced fertilizer every 2 weeks,Partial Shade (4-6 hours),"Aphids, Slugs, Snails","Spring, Fall","Carrots, Radishes, Strawberries"
Lettuce,Butterhead,7-10 days,High,Balanced fertilizer every 2 weeks,Partial Shade (4-6 hours),"Aphids, Slugs, Snails","Spring, Fall","Carrots, Radishes, Strawberries"
Lettuce,Iceberg,7-10 days,High,Balanced fertilizer every 2 weeks,Partial Shade (4-6 hours),"Aphids, Slugs, Snails","Spring, Fall","Carrots, Radishes, Strawberries"
Bell Pepper,California Wonder,7-10 days,Moderate,Balanced fertilizer every 2-4 weeks,Full Sun (6-8 hours),"Aphids, Spider Mites","Summer, Early Fall","Basil, Onions, Spinach"
Bell Pepper,Purple Beauty,7-10 days,Moderate,Balanced fertilizer every 2-4 weeks,Full Sun (6-8 hours),"Aphids, Spider Mites","Summer, Early Fall","Basil, Onions, Spinach"
Bell Pepper,Red Knight,7-10 days,Moderate,Balanced fertilizer every 2-4 weeks,Full Sun (6-8 hours),"Aphids, Spider Mites","Summer, Early Fall","Basil, Onions, Spinach"
Spinach,Bloomsdale,6-21 days,Moderate to high,Nitrogen-rich fertilizer every 2-3 weeks,Partial Shade (4-6 hours),"Aphids, Leaf Miners","Spring, Fall","Strawberries, Peas, Radishes"
Spinach,Savoy,6-21 days,Moderate to high,Nitrogen-rich fertilizer every 2-3 weeks,Partial Shade (4-6 hours),"Aphids, Leaf Miners","Spring, Fall","Strawberries, Peas, Radishes"
Spinach,New Zealand,6-21 days,Moderate to high,Nitrogen-rich fertilizer every 2-3 weeks,Partial Shade (4-6 hours),"Aphids, Leaf Miners","Spring, Fall","Strawberries, Peas, Radishes"
Cucumber,Marketmore,3-10 days,High,Regular feeding with balanced fertilizer,Full Sun (6-8 hours),"Cucumber Beetles, Aphids",Summer,"Beans, Corn, Radishes"
Cucumber,Armenian,3-10 days,High,Regular feeding with balanced fertilizer,Full Sun (6-8 hours),"Cucumber Beetles, Aphids",Summer,"Beans, Corn, Radishes"
Cucumber,Lemon,3-10 days,High,Regular feeding with balanced fertilizer,Full Sun (6-8 hours),"Cucumber Beetles, Aphids",Summer,"Beans, Corn, Radishes"
Radish,Cherry Belle,3-10 days,Moderate,Light feeding with balanced fertilizer,Full Sun (6-8 hours),"Cabbage Maggot, Flea Beetles","Spring, Fall","Carrots, Lettuce, Peas"
Radish,French Breakfast,3-10 days,Moderate,Light feeding with balanced fertilizer,Full Sun (6-8 hours),"Cabbage Maggot, Flea Beetles","Spring, Fall","Carrots, Lettuce, Peas"
Radish,Daikon,3-10 days,Moderate,Light feeding with balanced fertilizer,Full Sun (6-8 hours),"Cabbage Maggot, Flea Beetles","Spring, Fall","Carrots, Lettuce, Peas"
Strawberry,June-bearing,7-21 days,Moderate,Monthly feeding with balanced fertilizer,Full Sun (6-8 hours),"Slugs, Aphids, Spider Mites","Spring, Summer","Spinach, Lettuce, Beans"
Strawberry,Everbearing,7-21 days,Moderate,Monthly feeding with balanced fertilizer,Full Sun (6-8 hours),"Slugs, Aphids, Spider Mites","Spring, Summer","Spinach, Lettuce, Beans"
Strawberry,Alpine,7-21 days,Moderate,Monthly feeding with balanced fertilizer,Full Sun (6-8 hours),"Slugs, Aphids, Spider Mites","Spring, Summer","Spinach, Lettuce, Beans"
Mint,Spearmint,10-15 days,High,Light monthly feeding,Partial Shade (4-6 hours),"Aphids, Spider Mites","Spring, Summer","Cabbage, Peas, Tomatoes"
Mint,Peppermint,10-15 days,High,Light monthly feeding,Partial Shade (4-6 hours),"Aphids, Spider Mites","Spring, Summer","Cabbage, Peas, Tomatoes"
Mint,Chocolate Mint,10-15 days,High,Light monthly feeding,Partial Shade (4-6 hours),"Aphids, Spider Mites","Spring, Summer","Cabbage, Peas, Tomatoes"
Oregano,Greek,7-14 days,Low to moderate,Light feeding once a month,Full Sun (6-8 hours),"Aphids, Spider Mites","Spring, Summer","Basil, Peppers, Tomatoes"
Oregano,Italian,7-14 days,Low to moderate,Light feeding once a month,Full Sun (6-8 hours),"Aphids, Spider Mites","Spring, Summer","Basil, Peppers, Tomatoes"
Oregano,Mexican,7-14 days,Low to moderate,Light feeding once a month,Full Sun (6-8 hours),"Aphids, Spider Mites","Spring, Summer","Basil, Peppers, Tomatoes"
Parsley,Curly,14-28 days,Moderate,Balanced fertilizer every 2-4 weeks,Partial Shade (4-6 hours),"Aphids, Armyworms","Spring, Summer","Tomatoes, Asparagus, Chives"
Parsley,Italian Flat Leaf,14-28 days,Moderate,Balanced fertilizer every 2-4 weeks,Partial Shade (4-6 hours),"Aphids, Armyworms","Spring, Summer","Tomatoes, Asparagus, Chives"
Parsley,Hamburg Rooted,14-28 days,Moderate,Balanced fertilizer every 2-4 weeks,Partial Shade (4-6 hours),"Aphids, Armyworms","Spring, Summer","Tomatoes, Asparagus, Chives"
Thyme,Common,14-28 days,Low,Light monthly feeding,Full Sun (6-8 hours),"Spider Mites, Aphids","Spring, Summer","Cabbage, Tomatoes, Strawberries"
Thyme,Lemon,14-28 days,Low,Light monthly feeding,Full Sun (6-8 hours),"Spider Mites, Aphids","Spring, Summer","Cabbage, Tomatoes, Strawberries"
Thyme,Creeping,14-28 days,Low,Light monthly feeding,Full Sun (6-8 hours),"Spider Mites, Aphids","Spring, Summer","Cabbage, Tomatoes, Strawberries"
Rosemary,Tuscan Blue,14-21 days,Low,Light monthly feeding,Full Sun (6-8 hours),"Aphids, Spider Mites","Spring, Summer","Cabbage, Beans, Carrots"
Rosemary,Arp,14-21 days,Low,Light monthly feeding,Full Sun (6-8 hours),"Aphids, Spider Mites","Spring, Summer","Cabbage, Beans, Carrots"
Rosemary,Hill Hardy,14-21 days,Low,Light monthly feeding,Full Sun (6-8 hours),"Aphids, Spider Mites","Spring, Summer","Cabbage, Beans, Carrots"
Sage,Common,14-21 days,Low,Light monthly feeding,Full Sun (6-8 hours),"Aphids, Spider Mites","Spring, Summer","Carrots, Cabbage, Beans"
Sage,Purple,14-21 days,Low,Light monthly feeding,Full Sun (6-8 hours),"Aphids, Spider Mites","Spring, Summer","Carrots, Cabbage, Beans"
Sage,Tricolor,14-21 days,Low,Light monthly feeding,Full Sun (6-8 hours),"Aphids, Spider Mites","Spring, Summer","Carrots, Cabbage, Beans"
Cilantro,Santo,7-10 days,Moderate,Light monthly feeding,Full Sun (6-8 hours),"Aphids, Leaf Hoppers","Spring, Summer","Tomatoes, Spinach, Lettuce"
Cilantro,Leisure,7-10 days,Moderate,Light monthly feeding,Full Sun (6-8 hours),"Aphids, Leaf Hoppers","Spring, Summer","Tomatoes, Spinach, Lettuce"
Cilantro,Calypso,7-10 days,Moderate,Light monthly feeding,Full Sun (6-8 hours),"Aphids, Leaf Hoppers","Spring, Summer","Tomatoes, Spinach, Lettuce"
Dill,Bouquet,7-14 days,Moderate,Light monthly feeding,Full Sun (6-8 hours),"Aphids, Caterpillars","Spring, Summer","Cabbage, Corn, Cucumbers"
Dill,Mammoth,7-14 days,Moderate,Light monthly feeding,Full Sun (6-8 hours),"Aphids, Caterpillars","Spring, Summer","Cabbage, Corn, Cucumbers"
Dill,Fernleaf,7-14 days,Moderate,Light monthly feeding,Full Sun (6-8 hours),"Aphids, Caterpillars","Spring, Summer","Cabbage, Corn, Cucumbers"
Beet,Detroit Dark Red,5-10 days,Moderate,Light feeding with balanced fertilizer,Full Sun (6-8 hours),"Beet Leaf Miner, Aphids","Spring, Fall","Lettuce, Onions, Cabbage"
Beet,Chioggia,5-10 days,Moderate,Light feeding with balanced fertilizer,Full Sun (6-8 hours),"Beet Leaf Miner, Aphids","Spring, Fall","Lettuce, Onions, Cabbage"
Beet,Golden,5-10 days,Moderate,Light feeding with balanced fertilizer,Full Sun (6-8 hours),"Beet Leaf Miner, Aphids","Spring, Fall","Lettuce, Onions, Cabbage"
Turnip,Purple Top,3-10 days,Moderate,Light feeding with balanced fertilizer,Full Sun (6-8 hours),"Root Maggots, Flea Beetles","Spring, Fall","Peas, Cabbage, Onions"
Turnip,Golden Globe,3-10 days,Moderate,Light feeding with balanced fertilizer,Full Sun (6-8 hours),"Root Maggots, Flea Beetles","Spring, Fall","Peas, Cabbage, Onions"
Turnip,White Egg,3-10 days,Moderate,Light feeding with balanced fertilizer,Full Sun (6-8 hours),"Root Maggots, Flea Beetles","Spring, Fall","Peas, Cabbage, Onions"
Potato,Russet,14-28 days,Moderate,Light feeding with balanced fertilizer,Full Sun (6-8 hours),"Colorado Potato Beetle, Aphids","Spring, Summer","Beans, Corn, Cabbage"
Potato,Yukon Gold,14-28 days,Moderate,Light feeding with balanced fertilizer,Full Sun (6-8 hours),"Colorado Potato Beetle, Aphids","Spring, Summer","Beans, Corn, Cabbage"
Potato,Red Pontiac,14-28 days,Moderate,Light feeding with balanced fertilizer,Full Sun (6-8 hours),"Colorado Potato Beetle, Aphids","Spring, Summer","Beans, Corn, Cabbage"
Sweet Potato,Beauregard,14-28 days,Moderate,Light feeding with balanced fertilizer,Full Sun (6-8 hours),"Sweet Potato Weevil, Aphids","Spring, Summer","Beans, Corn, Marigold"
Sweet Potato,Georgia Jet,14-28 days,Moderate,Light feeding with balanced fertilizer,Full Sun (6-8 hours),"Sweet Potato Weevil, Aphids","Spring, Summer","Beans, Corn, Marigold"
Sweet Potato,Jewel,14-28 days,Moderate,Light feeding with balanced fertilizer,Full Sun (6-8 hours),"Sweet Potato Weevil, Aphids","Spring, Summer","Beans, Corn, Marigold"
Garlic,Softneck,14-21 days,Low,Light feeding with balanced fertilizer,Full Sun (6-8 hours),"Onion Thrips, Garlic Bulb Mite","Fall, Spring","Carrots, Tomatoes, Cabbage"
Garlic,Hardneck,14-21 days,Low,Light feeding with balanced fertilizer,Full Sun (6-8 hours),"Onion Thrips, Garlic Bulb Mite","Fall, Spring","Carrots, Tomatoes, Cabbage"
Garlic,Elephant,14-21 days,Low,Light feeding with balanced fertilizer,Full Sun (6-8 hours),"Onion Thrips, Garlic Bulb Mite","Fall, Spring","Carrots, Tomatoes, Cabbage"
Parsnip,Hollow Crown,14-21 days,Moderate,Light feeding with balanced fertilizer,Full Sun (6-8 hours),"Carrot Fly, Aphids","Spring, Fall","Onions, Radishes, Peas"
Parsnip,Harris Model,14-21 days,Moderate,Light feeding with balanced fertilizer,Full Sun (6-8 hours),"Carrot Fly, Aphids","Spring, Fall","Onions, Radishes, Peas"
Parsnip,All American,14-21 days,Moderate,Light feeding with balanced fertilizer,Full Sun (6-8 hours),"Carrot Fly, Aphids","Spring, Fall","Onions, Radishes, Peas"
Lavender,English,14-21 days,Low,Light feeding with balanced fertilizer,Full Sun (6-8 hours),"Aphids, Spittlebugs","Spring, Summer","Rosemary, Thyme, Sage"
Lavender,French,14-21 days,Low,Light feeding with balanced fertilizer,Full Sun (6-8 hours),"Aphids, Spittlebugs","Spring, Summer","Rosemary, Thyme, Sage"
Lavender,Spanish,14-21 days,Low,Light feeding with balanced fertilizer,Full Sun (6-8 hours),"Aphids, Spittlebugs","Spring, Summer","Rosemary, Thyme, Sage"
Chamomile,German,10-14 days,Moderate,Light feeding with balanced fertilizer,Full Sun (6-8 hours),"Aphids, Thrips","Spring, Summer","Basil, Mint, Thyme"
Chamomile,Roman,10-14 days,Moderate,Light feeding with balanced fertilizer,Full Sun (6-8 hours),"Aphids, Thrips","Spring, Summer","Basil, Mint, Thyme"
Chamomile,Wild,10-14 days,Moderate,Light feeding with balanced fertilizer,Full Sun (6-8 hours),"Aphids, Thrips","Spring, Summer","Basil, Mint, Thyme"
Corn,Sweet,7-10 days,High,Balanced fertilizer every 2-4 weeks,Full Sun (6-8 hours),"Corn Earworms, Aphids",Summer,"Beans, Squash, Cucumbers"
Corn,Popcorn,7-10 days,High,Balanced fertilizer every 2-4 weeks,Full Sun (6-8 hours),"Corn Earworms, Aphids",Summer,"Beans, Squash, Cucumbers"
Corn,Flint,7-10 days,High,Balanced fertilizer every 2-4 weeks,Full Sun (6-8 hours),"Corn Earworms, Aphids",Summer,"Beans, Squash, Cucumbers"
Peas,Snap,7-14 days,Moderate,Light feeding with balanced fertilizer,Full Sun (6-8 hours),"Aphids, Powdery Mildew","Spring, Fall","Carrots, Radishes, Cucumbers"
Peas,Snow,7-14 days,Moderate,Light feeding with balanced fertilizer,Full Sun (6-8 hours),"Aphids, Powdery Mildew","Spring, Fall","Carrots, Radishes, Cucumbers"
Peas,Shelling,7-14 days,Moderate,Light feeding with balanced fertilizer,Full Sun (6-8 hours),"Aphids, Powdery Mildew","Spring, Fall","Carrots, Radishes, Cucumbers"
Eggplant,Black Beauty,7-14 days,Moderate,Balanced fertilizer every 2-4 weeks,Full Sun (6-8 hours),"Flea Beetles, Aphids",Summer,"Basil, Peppers, Tomatoes"
Eggplant,Italian,7-14 days,Moderate,Balanced fertilizer every 2-4 weeks,Full Sun (6-8 hours),"Flea Beetles, Aphids",Summer,"Basil, Peppers, Tomatoes"
Eggplant,Japanese,7-14 days,Moderate,Balanced fertilizer every 2-4 weeks,Full Sun (6-8 hours),"Flea Beetles, Aphids",Summer,"Basil, Peppers, Tomatoes"
Kale,Curly,5-10 days,Moderate,Balanced fertilizer every 2-4 weeks,Partial Shade (4-6 hours),"Aphids, Cabbage Worms","Spring, Fall","Beans, Beets, Onions"
Kale,Lacinato,5-10 days,Moderate,Balanced fertilizer every 2-4 weeks,Partial Shade (4-6 hours),"Aphids, Cabbage Worms","Spring, Fall","Beans, Beets, Onions"
Kale,Red Russian,5-10 days,Moderate,Balanced fertilizer every 2-4 weeks,Partial Shade (4-6 hours),"Aphids, Cabbage Worms","Spring, Fall","Beans, Beets, Onions"
Broccoli,Calabrese,5-10 days,Moderate,Balanced fertilizer every 2-4 weeks,Full Sun (6-8 hours),"Cabbage Worms, Aphids","Spring, Fall","Onions, Beets, Carrots"
Broccoli,Romanesco,5-10 days,Moderate,Balanced fertilizer every 2-4 weeks,Full Sun (6-8 hours),"Cabbage Worms, Aphids","Spring, Fall","Onions, Beets, Carrots"
Broccoli,Purple Sprouting,5-10 days,Moderate,Balanced fertilizer every 2-4 weeks,Full Sun (6-8 hours),"Cabbage Worms, Aphids","Spring, Fall","Onions, Beets, Carrots"
Cauliflower,Snowball,5-10 days,Moderate,Balanced fertilizer every 2-4 weeks,Full Sun (6-8 hours),"Aphids, Cabbage Loopers","Spring, Fall","Beans, Celery, Onions"
Cauliflower,Romanesco,5-10 days,Moderate,Balanced fertilizer every 2-4 weeks,Full Sun (6-8 hours),"Aphids, Cabbage Loopers","Spring, Fall","Beans, Celery, Onions"
Cauliflower,Purple,5-10 days,Moderate,Balanced fertilizer every 2-4 weeks,Full Sun (6-8 hours),"Aphids, Cabbage Loopers","Spring, Fall","Beans, Celery, Onions"
Zucchini,Black Beauty,5-10 days,High,Regular feeding with balanced fertilizer,Full Sun (6-8 hours),"Squash Bugs, Cucumber Beetles",Summer,"Beans, Corn, Nasturtiums"
Zucchini,Cocozelle,5-10 days,High,Regular feeding with balanced fertilizer,Full Sun (6-8 hours),"Squash Bugs, Cucumber Beetles",Summer,"Beans, Corn, Nasturtiums"
Zucchini,Golden,5-10 days,High,Regular feeding with balanced fertilizer,Full Sun (6-8 hours),"Squash Bugs, Cucumber Beetles",Summer,"Beans, Corn, Nasturtiums"
Pumpkin,Sugar Pie,7-14 days,High,Monthly feeding with balanced fertilizer,Full Sun (6-8 hours),"Squash Vine Borers, Aphids","Summer, Fall","Corn, Beans, Marigold"
Pumpkin,Jack O'Lantern,7-14 days,High,Monthly feeding with balanced fertilizer,Full Sun (6-8 hours),"Squash Vine Borers, Aphids","Summer, Fall","Corn, Beans, Marigold"
Pumpkin,Atlantic Giant,7-14 days,High,Monthly feeding with balanced fertilizer,Full Sun (6-8 hours),"Squash Vine Borers, Aphids","Summer, Fall","Corn, Beans, Marigold"
Watermelon,Sugar Baby,7-14 days,High,Balanced fertilizer every 2-4 weeks,Full Sun (6-8 hours),"Aphids, Cucumber Beetles",Summer,"Beans, Corn, Nasturtiums"
Watermelon,Crimson Sweet,7-14 days,High,Balanced fertilizer every 2-4 weeks,Full Sun (6-8 hours),"Aphids, Cucumber Beetles",Summer,"Beans, Corn, Nasturtiums"
Watermelon,Charleston Gray,7-14 days,High,Balanced fertilizer every 2-4 weeks,Full Sun (6-8 hours),"Aphids, Cucumber Beetles",Summer,"Beans, Corn, Nasturtiums"
Melon,Cantaloupe,7-14 days,High,Balanced fertilizer every 2-4 weeks,Full Sun (6-8 hours),"Aphids, Cucumber Beetles",Summer,"Beans, Corn, Radishes"
Melon,Honeydew,7-14 days,High,Balanced fertilizer every 2-4 weeks,Full Sun (6-8 hours),"Aphids, Cucumber Beetles",Summer,"Beans, Corn, Radishes"
Melon,Galia,7-14 days,High,Balanced fertilizer every 2-4 weeks,Full Sun (6-8 hours),"Aphids, Cucumber Beetles",Summer,"Beans, Corn, Radishes"
Cabbage,Green,5-10 days,Moderate,Balanced fertilizer every 2-4 weeks,Full Sun (6-8 hours),"Cabbage Worms, Aphids","Spring, Fall","Beans, Celery, Onions"
Cabbage,Red,5-10 days,Moderate,Balanced fertilizer every 2-4 weeks,Full Sun (6-8 hours),"Cabbage Worms, Aphids","Spring, Fall","Beans, Celery, Onions"
Cabbage,Savoy,5-10 days,Moderate,Balanced fertilizer every 2-4 weeks,Full Sun (6-8 hours),"Cabbage Worms, Aphids","Spring, Fall","Beans, Celery, Onions"
Swiss Chard,Rainbow,7-14 days,Moderate,Balanced fertilizer every 2-4 weeks,Full Sun (6-8 hours),"Aphids, Leaf Miners","Spring, Summer, Fall","Beans, Cabbage, Onions"
Swiss Chard,Fordhook Giant,7-14 days,Moderate,Balanced fertilizer every 2-4 weeks,Full Sun (6-8 hours),"Aphids, Leaf Miners","Spring, Summer, Fall","Beans, Cabbage, Onions"
Swiss Chard,Bright Lights,7-14 days,Moderate,Balanced fertilizer every 2-4 weeks,Full Sun (6-8 hours),"Aphids, Leaf Miners","Spring, Summer, Fall","Beans, Cabbage, Onions"
Radish,Cherry Belle,3-7 days,Moderate,Light feeding with balanced fertilizer,Full Sun (6-8 hours),"Flea Beetles, Root Maggots","Spring, Fall","Carrots, Lettuce, Peas"
Radish,French Breakfast,3-7 days,Moderate,Light feeding with balanced fertilizer,Full Sun (6-8 hours),"Flea Beetles, Root Maggots","Spring, Fall","Carrots, Lettuce, Peas"
Radish,White Icicle,3-7 days,Moderate,Light feeding with balanced fertilizer,Full Sun (6-8 hours),"Flea Beetles, Root Maggots","Spring, Fall","Carrots, Lettuce, Peas"
Bok Choy,Shanghai Green,7-14 days,Moderate,Balanced fertilizer every 2-4 weeks,Partial Shade (4-6 hours),"Flea Beetles, Aphids","Spring, Fall","Beans, Peas, Radishes"
Bok Choy,Joi Choi,7-14 days,Moderate,Balanced fertilizer every 2-4 weeks,Partial Shade (4-6 hours),"Flea Beetles, Aphids","Spring, Fall","Beans, Peas, Radishes"
Bok Choy,Mei Qing Choi,7-14 days,Moderate,Balanced fertilizer every 2-4 weeks,Partial Shade (4-6 hours),"Flea Beetles, Aphids","Spring, Fall","Beans, Peas, Radishes"
Spinach,Bloomsdale,7-14 days,High,Balanced fertilizer every 2-4 weeks,Partial Shade (4-6 hours),"Aphids, Leaf Miners","Spring, Fall","Beans, Carrots, Radishes"
Spinach,New Zealand,7-14 days,High,Balanced fertilizer every 2-4 weeks,Partial Shade (4-6 hours),"Aphids, Leaf Miners","Spring, Fall","Beans, Carrots, Radishes"
Spinach,Savoy,7-14 days,High,Balanced fertilizer every 2-4 weeks,Partial Shade (4-6 hours),"Aphids, Leaf Miners","Spring, Fall","Beans, Carrots, Radishes"
Lettuce,Romaine,7-10 days,Moderate,Balanced fertilizer every 2-4 weeks,Partial Shade (4-6 hours),"Aphids, Slugs","Spring, Fall","Carrots, Radishes, Cucumbers"
Lettuce,Butterhead,7-10 days,Moderate,Balanced fertilizer every 2-4 weeks,Partial Shade (4-6 hours),"Aphids, Slugs","Spring, Fall","Carrots, Radishes, Cucumbers"
Lettuce,Leaf,7-10 days,Moderate,Balanced fertilizer every 2-4 weeks,Partial Shade (4-6 hours),"Aphids, Slugs","Spring, Fall","Carrots, Radishes, Cucumbers"
Carrot,Nantes,7-14 days,Moderate,Light feeding with balanced fertilizer,Full Sun (6-8 hours),"Carrot Fly, Aphids","Spring, Fall","Peas, Onions, Lettuce"
Carrot,Danvers,7-14 days,Moderate,Light feeding with balanced fertilizer,Full Sun (6-8 hours),"Carrot Fly, Aphids","Spring, Fall","Peas, Onions, Lettuce"
Carrot,Chantenay,7-14 days,Moderate,Light feeding with balanced fertilizer,Full Sun (6-8 hours),"Carrot Fly, Aphids","Spring, Fall","Peas, Onions, Lettuce"
Cucumber,Slicing,7-10 days,High,Regular feeding with balanced fertilizer,Full Sun (6-8 hours),"Cucumber Beetles, Aphids",Summer,"Beans, Corn, Peas"
Cucumber,Pickling,7-10 days,High,Regular feeding with balanced fertilizer,Full Sun (6-8 hours),"Cucumber Beetles, Aphids",Summer,"Beans, Corn, Peas"
Cucumber,Lemon,7-10 days,High,Regular feeding with balanced fertilizer,Full Sun (6-8 hours),"Cucumber Beetles, Aphids",Summer,"Beans, Corn, Peas"
Squash,Yellow Crookneck,7-10 days,High,Balanced fertilizer every 2-4 weeks,Full Sun (6-8 hours),"Squash Bugs, Aphids",Summer,"Beans, Corn, Nasturtiums"
Squash,Zucchini,7-10 days,High,Balanced fertilizer every 2-4 weeks,Full Sun (6-8 hours),"Squash Bugs, Aphids",Summer,"Beans, Corn, Nasturtiums"
Squash,Patty Pan,7-10 days,High,Balanced fertilizer every 2-4 weeks,Full Sun (6-8 hours),"Squash Bugs, Aphids",Summer,"Beans, Corn, Nasturtiums"
Kohlrabi,Purple Vienna,7-14 days,Moderate,Light feeding with balanced fertilizer,Full Sun (6-8 hours),"Cabbage Worms, Aphids","Spring, Fall","Beans, Onions, Beets"
Kohlrabi,White Vienna,7-14 days,Moderate,Light feeding with balanced fertilizer,Full Sun (6-8 hours),"Cabbage Worms, Aphids","Spring, Fall","Beans, Onions, Beets"
Kohlrabi,Grand Duke,7-14 days,Moderate,Light feeding with balanced fertilizer,Full Sun (6-8 hours),"Cabbage Worms, Aphids","Spring, Fall","Beans, Onions, Beets"
Brussels Sprouts,Long Island,7-14 days,Moderate,Balanced fertilizer every 2-4 weeks,Full Sun (6-8 hours),"Cabbage Worms, Aphids","Fall, Winter","Beans, Carrots, Onions"
Brussels Sprouts,Jade Cross,7-14 days,Moderate,Balanced fertilizer every 2-4 weeks,Full Sun (6-8 hours),"Cabbage Worms, Aphids","Fall, Winter","Beans, Carrots, Onions"
Brussels Sprouts,Red Bull,7-14 days,Moderate,Balanced fertilizer every 2-4 weeks,Full Sun (6-8 hours),"Cabbage Worms, Aphids","Fall, Winter","Beans, Carrots, Onions"
Artichoke,Green Globe,10-21 days,Moderate,Balanced fertilizer every 2-4 weeks,Full Sun (6-8 hours),"Aphids, Slugs","Spring, Summer","Peas, Sunflowers, Tarragon"
Artichoke,Imperial Star,10-21 days,Moderate,Balanced fertilizer every 2-4 weeks,Full Sun (6-8 hours),"Aphids, Slugs","Spring, Summer","Peas, Sunflowers, Tarragon"
Artichoke,Purple Italian,10-21 days,Moderate,Balanced fertilizer every 2-4 weeks,Full Sun (6-8 hours),"Aphids, Slugs","Spring, Summer","Peas, Sunflowers, Tarragon"
Okra,Clemson Spineless,7-14 days,Moderate,Balanced fertilizer every 2-4 weeks,Full Sun (6-8 hours),"Aphids, Stink Bugs",Summer,"Peppers, Tomatoes, Basil"
Okra,Burgundy,7-14 days,Moderate,Balanced fertilizer every 2-4 weeks,Full Sun (6-8 hours),"Aphids, Stink Bugs",Summer,"Peppers, Tomatoes, Basil"
Okra,Annie Oakley,7-14 days,Moderate,Balanced fertilizer every 2-4 weeks,Full Sun (6-8 hours),"Aphids, Stink Bugs",Summer,"Peppers, Tomatoes, Basil"
Celery,Tall Utah,14-21 days,High,Regular feeding with balanced fertilizer,Full Sun (6-8 hours),"Aphids, Slugs","Spring, Fall","Leeks, Onions, Tomatoes"
Celery,Golden Self-Blanching,14-21 days,High,Regular feeding with balanced fertilizer,Full Sun (6-8 hours),"Aphids, Slugs","Spring, Fall","Leeks, Onions, Tomatoes"
Celery,Tango,14-21 days,High,Regular feeding with balanced fertilizer,Full Sun (6-8 hours),"Aphids, Slugs","Spring, Fall","Leeks, Onions, Tomatoes"
Fennel,Florence,7-14 days,Moderate,Light feeding with balanced fertilizer,Full Sun (6-8 hours),"Aphids, Root Maggots","Spring, Fall","Cucumbers, Lettuce, Dill"
Fennel,Bronze,7-14 days,Moderate,Light feeding with balanced fertilizer,Full Sun (6-8 hours),"Aphids, Root Maggots","Spring, Fall","Cucumbers, Lettuce, Dill"
Fennel,Sweet,7-14 days,Moderate,Light feeding with balanced fertilizer,Full Sun (6-8 hours),"Aphids, Root Maggots","Spring, Fall","Cucumbers, Lettuce, Dill"
Rhubarb,Victoria,14-21 days,High,Light feeding with balanced fertilizer,Full Sun (6-8 hours),"Crown Borers, Aphids","Spring, Summer","Strawberries, Asparagus, Peas"
Rhubarb,Crimson Red,14-21 days,High,Light feeding with balanced fertilizer,Full Sun (6-8 hours),"Crown Borers, Aphids","Spring, Summer","Strawberries, Asparagus, Peas"
Rhubarb,Glaskin's Perpetual,14-21 days,High,Light feeding with balanced fertilizer,Full Sun (6-8 hours),"Crown Borers, Aphids","Spring, Summer","Strawberries, Asparagus, Peas"
Endive,Frisée,7-14 days,Moderate,Light feeding with balanced fertilizer,Partial Shade (4-6 hours),"Aphids, Slugs","Spring, Fall","Carrots, Radishes, Onions"
Endive,Escarole,7-14 days,Moderate,Light feeding with balanced fertilizer,Partial Shade (4-6 hours),"Aphids, Slugs","Spring, Fall","Carrots, Radishes, Onions"
Endive,Broadleaf Batavian,7-14 days,Moderate,Light feeding with balanced fertilizer,Partial Shade (4-6 hours),"Aphids, Slugs","Spring, Fall","Carrots, Radishes, Onions"
Leek,American Flag,14-21 days,High,Balanced fertilizer every 2-4 weeks,Full Sun (6-8 hours),"Onion Maggots, Thrips","Spring, Fall","Carrots, Celery, Onions"
Leek,King Richard,14-21 days,High,Balanced fertilizer every 2-4 weeks,Full Sun (6-8 hours),"Onion Maggots, Thrips","Spring, Fall","Carrots, Celery, Onions"
Leek,Carentan,14-21 days,High,Balanced fertilizer every 2-4 weeks,Full Sun (6-8 hours),"Onion Maggots, Thrips","Spring, Fall","Carrots, Celery, Onions"
Parsnip,Hollow Crown,14-21 days,Moderate,Light feeding with balanced fertilizer,Full Sun (6-8 hours),"Carrot Fly, Aphids","Spring, Fall","Peas, Radishes, Onions"
Parsnip,Harris Model,14-21 days,Moderate,Light feeding with balanced fertilizer,Full Sun (6-8 hours),"Carrot Fly, Aphids","Spring, Fall","Peas, Radishes, Onions"
Parsnip,White Gem,14-21 days,Moderate,Light feeding with balanced fertilizer,Full Sun (6-8 hours),"Carrot Fly, Aphids","Spring, Fall","Peas, Radishes, Onions"
Turnip,Purple Top,5-10 days,Moderate,Light feeding with balanced fertilizer,Full Sun (6-8 hours),"Flea Beetles, Aphids","Spring, Fall","Peas, Onions, Cabbage"
Turnip,Golden Globe,5-10 days,Moderate,Light feeding with balanced fertilizer,Full Sun (6-8 hours),"Flea Beetles, Aphids","Spring, Fall","Peas, Onions, Cabbage"
Turnip,White Egg,5-10 days,Moderate,Light feeding with balanced fertilizer,Full Sun (6-8 hours),"Flea Beetles, Aphids","Spring, Fall","Peas, Onions, Cabbage"
Collard Greens,Georgia Southern,7-14 days,Moderate,Balanced fertilizer every 2-4 weeks,Full Sun (6-8 hours),"Aphids, Cabbage Loopers","Spring, Fall","Beans, Onions, Beets"
Collard Greens,Vates,7-14 days,Moderate,Balanced fertilizer every 2-4 weeks,Full Sun (6-8 hours),"Aphids, Cabbage Loopers","Spring, Fall","Beans, Onions, Beets"
Collard Greens,Champion,7-14 days,Moderate,Balanced fertilizer every 2-4 weeks,Full Sun (6-8 hours),"Aphids, Cabbage Loopers","Spring, Fall","Beans, Onions, Beets"
Mustard Greens,Southern Giant,7-14 days,Moderate,Light feeding with balanced fertilizer,Full Sun (6-8 hours),"Aphids, Flea Beetles","Spring, Fall","Beans, Onions, Garlic"
Mustard Greens,Red Giant,7-14 days,Moderate,Light feeding with balanced fertilizer,Full Sun (6-8 hours),"Aphids, Flea Beetles","Spring, Fall","Beans, Onions, Garlic"
Mustard Greens,Green Wave,7-14 days,Moderate,Light feeding with balanced fertilizer,Full Sun (6-8 hours),"Aphids, Flea Beetles","Spring, Fall","Beans, Onions, Garlic"
Parsley,Flat Leaf,14-28 days,Moderate,Balanced fertilizer every 2-4 weeks,Full Sun (6-8 hours),"Aphids, Whiteflies","Spring, Summer, Fall","Tomatoes, Carrots, Asparagus"
Parsley,Curly Leaf,14-28 days,Moderate,Balanced fertilizer every 2-4 weeks,Full Sun (6-8 hours),"Aphids, Whiteflies","Spring, Summer, Fall","Tomatoes, Carrots, Asparagus"
Parsley,Hamburg Rooted,14-28 days,Moderate,Balanced fertilizer every 2-4 weeks,Full Sun (6-8 hours),"Aphids, Whiteflies","Spring, Summer, Fall","Tomatoes, Carrots, Asparagus"
Basil,Genovese,5-10 days,Moderate,Light feeding with balanced fertilizer,Full Sun (6-8 hours),"Aphids, Whiteflies",Summer,"Tomatoes, Peppers, Oregano"
Basil,Thai,5-10 days,Moderate,Light feeding with balanced fertilizer,Full Sun (6-8 hours),"Aphids, Whiteflies",Summer,"Tomatoes, Peppers, Oregano"
Basil,Lemon,5-10 days,Moderate,Light feeding with balanced fertilizer,Full Sun (6-8 hours),"Aphids, Whiteflies",Summer,"Tomatoes, Peppers, Oregano"
Cilantro,Santo,7-10 days,Moderate,Light feeding with balanced fertilizer,Full Sun (6-8 hours),"Aphids, Whiteflies","Spring, Fall","Tomatoes, Peppers, Basil"
Cilantro,Leisure,7-10 days,Moderate,Light feeding with balanced fertilizer,Full Sun (6-8 hours),"Aphids, Whiteflies","Spring, Fall","Tomatoes, Peppers, Basil"
Cilantro,Slow Bolt,7-10 days,Moderate,Light feeding with balanced fertilizer,Full Sun (6-8 hours),"Aphids, Whiteflies","Spring, Fall","Tomatoes, Peppers, Basil"
Dill,Bouquet,7-14 days,Moderate,Light feeding with balanced fertilizer,Full Sun (6-8 hours),"Aphids, Spider Mites","Spring, Summer","Cabbage, Lettuce, Onions"
Dill,Mammoth,7-14 days,Moderate,Light feeding with balanced fertilizer,Full Sun (6-8 hours),"Aphids, Spider Mites","Spring, Summer","Cabbage, Lettuce, Onions"
Dill,Fernleaf,7-14 days,Moderate,Light feeding with balanced fertilizer,Full Sun (6-8 hours),"Aphids, Spider Mites","Spring, Summer","Cabbage, Lettuce, Onions"
Thyme,English,14-28 days,Low,Light feeding with balanced fertilizer,Full Sun (6-8 hours),"Spider Mites, Thrips","Spring, Summer","Cabbage, Tomatoes, Strawberries"
Thyme,Lemon,14-28 days,Low,Light feeding with balanced fertilizer,Full Sun (6-8 hours),"Spider Mites, Thrips","Spring, Summer","Cabbage, Tomatoes, Strawberries"
Thyme,Creeping,14-28 days,Low,Light feeding with balanced fertilizer,Full Sun (6-8 hours),"Spider Mites, Thrips","Spring, Summer","Cabbage, Tomatoes, Strawberries"
Oregano,Greek,10-21 days,Low,Light feeding with balanced fertilizer,Full Sun (6-8 hours),"Aphids, Spider Mites","Spring, Summer","Tomatoes, Peppers, Basil"
Oregano,Italian,10-21 days,Low,Light feeding with balanced fertilizer,Full Sun (6-8 hours),"Aphids, Spider Mites","Spring, Summer","Tomatoes, Peppers, Basil"
Oregano,Golden,10-21 days,Low,Light feeding with balanced fertilizer,Full Sun (6-8 hours),"Aphids, Spider Mites","Spring, Summer","Tomatoes, Peppers, Basil"
Sage,Common,10-21 days,Low,Light feeding with balanced fertilizer,Full Sun (6-8 hours),"Aphids, Spider Mites","Spring, Summer","Cabbage, Carrots, Rosemary"
Sage,Purple,10-21 days,Low,Light feeding with balanced fertilizer,Full Sun (6-8 hours),"Aphids, Spider Mites","Spring, Summer","Cabbage, Carrots, Rosemary"
Sage,Tricolor,10-21 days,Low,Light feeding with balanced fertilizer,Full Sun (6-8 hours),"Aphids, Spider Mites","Spring, Summer","Cabbage, Carrots, Rosemary"
Rosemary,Tuscan Blue,14-21 days,Low,Light feeding with balanced fertilizer,Full Sun (6-8 hours),"Aphids, Spider Mites","Spring, Summer","Beans, Carrots, Sage"
Rosemary,Arp,14-21 days,Low,Light feeding with balanced fertilizer,Full Sun (6-8 hours),"Aphids, Spider Mites","Spring, Summer","Beans, Carrots, Sage"
Rosemary,Blue Spire,14-21 days,Low,Light feeding with balanced fertilizer,Full Sun (6-8 hours),"Aphids, Spider Mites","Spring, Summer","Beans, Carrots, Sage"
Chives,Common,7-14 days,Moderate,Light feeding with balanced fertilizer,Full Sun (6-8 hours),"Thrips, Aphids","Spring, Summer, Fall","Carrots, Tomatoes, Roses"
Chives,Garlic,7-14 days,Moderate,Light feeding with balanced fertilizer,Full Sun (6-8 hours),"Thrips, Aphids","Spring, Summer, Fall","Carrots, Tomatoes, Roses"
Chives,Siberian,7-14 days,Moderate,Light feeding with balanced fertilizer,Full Sun (6-8 hours),"Thrips, Aphids","Spring, Summer, Fall","Carrots, Tomatoes, Roses"
Tarragon,French,14-21 days,Moderate,Light feeding with balanced fertilizer,Full Sun (6-8 hours),"Aphids, Spider Mites","Spring, Summer","Eggplant, Peppers, Tomatoes"
Tarragon,Russian,14-21 days,Moderate,Light feeding with balanced fertilizer,Full Sun (6-8 hours),"Aphids, Spider Mites","Spring, Summer","Eggplant, Peppers, Tomatoes"
Tarragon,Mexican,14-21 days,Moderate,Light feeding with balanced fertilizer,Full Sun (6-8 hours),"Aphids, Spider Mites","Spring, Summer","Eggplant, Peppers, Tomatoes"
Marjoram,Sweet,10-14 days,Moderate,Light feeding with balanced fertilizer,Full Sun (6-8 hours),"Spider Mites, Aphids","Spring, Summer","Beans, Onions, Carrots"
Marjoram,Knotted,10-14 days,Moderate,Light feeding with balanced fertilizer,Full Sun (6-8 hours),"Spider Mites, Aphids","Spring, Summer","Beans, Onions, Carrots"
Marjoram,Pot,10-14 days,Moderate,Light feeding with balanced fertilizer,Full Sun (6-8 hours),"Spider Mites, Aphids","Spring, Summer","Beans, Onions, Carrots"
Mint,Spearmint,10-15 days,High,Light feeding with balanced fertilizer,Partial Shade (4-6 hours),"Aphids, Spider Mites","Spring, Summer","Cabbage, Carrots, Tomatoes"
Mint,Peppermint,10-15 days,High,Light feeding with balanced fertilizer,Partial Shade (4-6 hours),"Aphids, Spider Mites","Spring, Summer","Cabbage, Carrots, Tomatoes"
Mint,Chocolate,10-15 days,High,Light feeding with balanced fertilizer,Partial Shade (4-6 hours),"Aphids, Spider Mites","Spring, Summer","Cabbage, Carrots, Tomatoes"
Lemon Balm,Common,7-14 days,Moderate,Light feeding with balanced fertilizer,Partial Shade (4-6 hours),"Aphids, Spider Mites","Spring, Summer","Cabbage, Tomatoes, Peppers"
Lemon Balm,Lemonella,7-14 days,Moderate,Light feeding with balanced fertilizer,Partial Shade (4-6 hours),"Aphids, Spider Mites","Spring, Summer","Cabbage, Tomatoes, Peppers"
Lemon Balm,Quedlinburger,7-14 days,Moderate,Light feeding with balanced fertilizer,Partial Shade (4-6 hours),"Aphids, Spider Mites","Spring, Summer","Cabbage, Tomatoes, Peppers"
Stevia,Sweetleaf,7-14 days,Moderate,Light feeding with balanced fertilizer,Full Sun (6-8 hours),"Aphids, Spider Mites","Spring, Summer","Tomatoes, Peppers, Basil"
Stevia,Sugarleaf,7-14 days,Moderate,Light feeding with balanced fertilizer,Full Sun (6-8 hours),"Aphids, Spider Mites","Spring, Summer","Tomatoes, Peppers, Basil"
Stevia,Sweet Honey,7-14 days,Moderate,Light feeding with balanced fertilizer,Full Sun (6-8 hours),"Aphids, Spider Mites","Spring, Summer","Tomatoes, Peppers, Basil"
Bay Leaf,Laurel,14-28 days,Low,Light feeding with balanced fertilizer,Full Sun (6-8 hours),"Aphids, Scale Insects","Spring, Summer","Rosemary, Thyme, Sage"
Bay Leaf,Sweet Bay,14-28 days,Low,Light feeding with balanced fertilizer,Full Sun (6-8 hours),"Aphids, Scale Insects","Spring, Summer","Rosemary, Thyme, Sage"
Bay Leaf,California Bay,14-28 days,Low,Light feeding with balanced fertilizer,Full Sun (6-8 hours),"Aphids, Scale Insects","Spring, Summer","Rosemary, Thyme, Sage"
Catnip,Common,7-14 days,Moderate,Light feeding with balanced fertilizer,Full Sun (6-8 hours),"Aphids, Spider Mites","Spring, Summer","Basil, Oregano, Rosemary"
Catnip,Lemon,7-14 days,Moderate,Light feeding with balanced fertilizer,Full Sun (6-8 hours),"Aphids, Spider Mites","Spring, Summer","Basil, Oregano, Rosemary"
Catnip,Catmint,7-14 days,Moderate,Light feeding with balanced fertilizer,Full Sun (6-8 hours),"Aphids, Spider Mites","Spring, Summer","Basil, Oregano, Rosemary"
Lovage,Common,14-21 days,Moderate,Light feeding with balanced fertilizer,Full Sun (6-8 hours),"Aphids, Leaf Miners","Spring, Summer","Carrots, Celery, Parsnips"
Lovage,Mountain,14-21 days,Moderate,Light feeding with balanced fertilizer,Full Sun (6-8 hours),"Aphids, Leaf Miners","Spring, Summer","Carrots, Celery, Parsnips"
Lovage,Garden,14-21 days,Moderate,Light feeding with balanced fertilizer,Full Sun (6-8 hours),"Aphids, Leaf Miners","Spring, Summer","Carrots, Celery, Parsnips"
Sorrel,French,7-14 days,Moderate,Light feeding with balanced fertilizer,Full Sun (6-8 hours),"Aphids, Slugs","Spring, Summer","Strawberries, Lettuce, Onions"
Sorrel,Red Veined,7-14 days,Moderate,Light feeding with balanced fertilizer,Full Sun (6-8 hours),"Aphids, Slugs","Spring, Summer","Strawberries, Lettuce, Onions"
Sorrel,Common,7-14 days,Moderate,Light feeding with balanced fertilizer,Full Sun (6-8 hours),"Aphids, Slugs","Spring, Summer","Strawberries, Lettuce, Onions"
Watercress,Aqua Large Leaf,5-7 days,High,Regular feeding with balanced fertilizer,Partial Shade (4-6 hours),"Aphids, Whiteflies","Spring, Summer","Lettuce, Mint, Chives"
Watercress,Upland,5-7 days,High,Regular feeding with balanced fertilizer,Partial Shade (4-6 hours),"Aphids, Whiteflies","Spring, Summer","Lettuce, Mint, Chives"
Watercress,Peppergrass,5-7 days,High,Regular feeding with balanced fertilizer,Partial Shade (4-6 hours),"Aphids, Whiteflies","Spring, Summer","Lettuce, Mint, Chives"
Chamomile,German,7-14 days,Moderate,Light feeding with balanced fertilizer,Full Sun (6-8 hours),"Aphids, Thrips","Spring, Summer","Mint, Basil, Oregano"
Chamomile,Roman,7-14 days,Moderate,Light feeding with balanced fertilizer,Full Sun (6-8 hours),"Aphids, Thrips","Spring, Summer","Mint, Basil, Oregano"
Chamomile,Common,7-14 days,Moderate,Light feeding with balanced fertilizer,Full Sun (6-8 hours),"Aphids, Thrips","Spring, Summer","Mint, Basil, Oregano"
Peas,Sugar Snap,7-14 days,Moderate,Light feeding with balanced fertilizer,Full Sun (6-8 hours),"Aphids, Pea Weevils","Spring, Fall","Carrots, Radishes, Beans"
Peas,Snow,7-14 days,Moderate,Light feeding with balanced fertilizer,Full Sun (6-8 hours),"Aphids, Pea Weevils","Spring, Fall","Carrots, Radishes, Beans"
Peas,English,7-14 days,Moderate,Light feeding with balanced fertilizer,Full Sun (6-8 hours),"Aphids, Pea Weevils","Spring, Fall","Carrots, Radishes, Beans"
Radish,Cherry Belle,3-7 days,Moderate,Light feeding with balanced fertilizer,Full Sun (6-8 hours),"Root Maggots, Flea Beetles","Spring, Fall","Carrots, Lettuce, Cucumbers"
Radish,French Breakfast,3-7 days,Moderate,Light feeding with balanced fertilizer,Full Sun (6-8 hours),"Root Maggots, Flea Beetles","Spring, Fall","Carrots, Lettuce, Cucumbers"
Radish,Watermelon,3-7 days,Moderate,Light feeding with balanced fertilizer,Full Sun (6-8 hours),"Root Maggots, Flea Beetles","Spring, Fall","Carrots, Lettuce, Cucumbers"
Swiss Chard,Bright Lights,7-14 days,Moderate,Balanced fertilizer every 2-4 weeks,Full Sun (6-8 hours),"Aphids, Leaf Miners","Spring, Fall","Beans, Onions, Lettuce"
Swiss Chard,Fordhook Giant,7-14 days,Moderate,Balanced fertilizer every 2-4 weeks,Full Sun (6-8 hours),"Aphids, Leaf Miners","Spring, Fall","Beans, Onions, Lettuce"
Swiss Chard,Rhubarb,7-14 days,Moderate,Balanced fertilizer every 2-4 weeks,Full Sun (6-8 hours),"Aphids, Leaf Miners","Spring, Fall","Beans, Onions, Lettuce"
Spinach,Bloomsdale,7-14 days,Moderate,Light feeding with balanced fertilizer,Partial Shade (4-6 hours),"Aphids, Leaf Miners","Spring, Fall","Strawberries, Radishes, Peas"
Spinach,New Zealand,7-14 days,Moderate,Light feeding with balanced fertilizer,Partial Shade (4-6 hours),"Aphids, Leaf Miners","Spring, Fall","Strawberries, Radishes, Peas"
Spinach,Baby's Leaf,7-14 days,Moderate,Light feeding with balanced fertilizer,Partial Shade (4-6 hours),"Aphids, Leaf Miners","Spring, Fall","Strawberries, Radishes, Peas"
Kale,Lacinato,7-10 days,Moderate,Balanced fertilizer every 2-4 weeks,Full Sun (6-8 hours),"Cabbage Worms, Aphids","Spring, Fall","Beans, Beets, Celery"
Kale,Red Russian,7-10 days,Moderate,Balanced fertilizer every 2-4 weeks,Full Sun (6-8 hours),"Cabbage Worms, Aphids","Spring, Fall","Beans, Beets, Celery"
Kale,Curly,7-10 days,Moderate,Balanced fertilizer every 2-4 weeks,Full Sun (6-8 hours),"Cabbage Worms, Aphids","Spring, Fall","Beans, Beets, Celery"
Broccoli,Calabrese,7-10 days,Moderate,Balanced fertilizer every 2-4 weeks,Full Sun (6-8 hours),"Cabbage Worms, Aphids","Spring, Fall","Onions, Celery, Carrots"
Broccoli,Waltham,7-10 days,Moderate,Balanced fertilizer every 2-4 weeks,Full Sun (6-8 hours),"Cabbage Worms, Aphids","Spring, Fall","Onions, Celery, Carrots"
Broccoli,Romanesco,7-10 days,Moderate,Balanced fertilizer every 2-4 weeks,Full Sun (6-8 hours),"Cabbage Worms, Aphids","Spring, Fall","Onions, Celery, Carrots"
Cauliflower,Snowball,7-10 days,Moderate,Balanced fertilizer every 2-4 weeks,Full Sun (6-8 hours),"Aphids, Cabbage Worms","Spring, Fall","Onions, Celery, Carrots"
Cauliflower,Purple of Sicily,7-10 days,Moderate,Balanced fertilizer every 2-4 weeks,Full Sun (6-8 hours),"Aphids, Cabbage Worms","Spring, Fall","Onions, Celery, Carrots"
Cauliflower,Romanesco,7-10 days,Moderate,Balanced fertilizer every 2-4 weeks,Full Sun (6-8 hours),"Aphids, Cabbage Worms","Spring, Fall","Onions, Celery, Carrots"
Brussels Sprouts,Long Island,7-14 days,Moderate,Balanced fertilizer every 2-4 weeks,Full Sun (6-8 hours),"Aphids, Cabbage Worms","Spring, Fall","Onions, Celery, Carrots"
Brussels Sprouts,Catskill,7-14 days,Moderate,Balanced fertilizer every 2-4 weeks,Full Sun (6-8 hours),"Aphids, Cabbage Worms","Spring, Fall","Onions, Celery, Carrots"
Brussels Sprouts,Jade Cross,7-14 days,Moderate,Balanced fertilizer every 2-4 weeks,Full Sun (6-8 hours),"Aphids, Cabbage Worms","Spring, Fall","Onions, Celery, Carrots"
Cabbage,Golden Acre,7-10 days,Moderate,Balanced fertilizer every 2-4 weeks,Full Sun (6-8 hours),"Cabbage Worms, Aphids","Spring, Fall","Onions, Celery, Carrots"
Cabbage,Red Acre,7-10 days,Moderate,Balanced fertilizer every 2-4 weeks,Full Sun (6-8 hours),"Cabbage Worms, Aphids","Spring, Fall","Onions, Celery, Carrots"
Cabbage,Savoy,7-10 days,Moderate,Balanced fertilizer every 2-4 weeks,Full Sun (6-8 hours),"Cabbage Worms, Aphids","Spring, Fall","Onions, Celery, Carrots"
Kohlrabi,Purple Vienna,7-10 days,Moderate,Balanced fertilizer every 2-4 weeks,Full Sun (6-8 hours),"Cabbage Worms, Aphids","Spring, Fall","Onions, Beets, Lettuce"
Kohlrabi,White Vienna,7-10 days,Moderate,Balanced fertilizer every 2-4 weeks,Full Sun (6-8 hours),"Cabbage Worms, Aphids","Spring, Fall","Onions, Beets, Lettuce"
Kohlrabi,Early Purple,7-10 days,Moderate,Balanced fertilizer every 2-4 weeks,Full Sun (6-8 hours),"Cabbage Worms, Aphids","Spring, Fall","Onions, Beets, Lettuce"
Rutabaga,American Purple Top,7-10 days,Moderate,Balanced fertilizer every 2-4 weeks,Full Sun (6-8 hours),"Aphids, Cabbage Worms","Spring, Fall","Peas, Beans, Carrots"
Rutabaga,Laurentian,7-10 days,Moderate,Balanced fertilizer every 2-4 weeks,Full Sun (6-8 hours),"Aphids, Cabbage Worms","Spring, Fall","Peas, Beans, Carrots"
Rutabaga,Joan,7-10 days,Moderate,Balanced fertilizer every 2-4 weeks,Full Sun (6-8 hours),"Aphids, Cabbage Worms","Spring, Fall","Peas, Beans, Carrots"
Collard Greens,Georgia Southern,7-14 days,Moderate,Balanced fertilizer every 2-4 weeks,Full Sun (6-8 hours),"Aphids, Cabbage Worms","Spring, Fall","Onions, Celery, Carrots"
Collard Greens,Vates,7-14 days,Moderate,Balanced fertilizer every 2-4 weeks,Full Sun (6-8 hours),"Aphids, Cabbage Worms","Spring, Fall","Onions, Celery, Carrots"
Collard Greens,Champion,7-14 days,Moderate,Balanced fertilizer every 2-4 weeks,Full Sun (6-8 hours),"Aphids, Cabbage Worms","Spring, Fall","Onions, Celery, Carrots"
Eggplant,Black Beauty,7-14 days,Moderate,Balanced fertilizer every 2-4 weeks,Full Sun (6-8 hours),"Aphids, Flea Beetles","Spring, Summer","Peppers, Tomatoes, Basil"
Eggplant,Ichiban,7-14 days,Moderate,Balanced fertilizer every 2-4 weeks,Full Sun (6-8 hours),"Aphids, Flea Beetles","Spring, Summer","Peppers, Tomatoes, Basil"
Eggplant,Rosa Bianca,7-14 days,Moderate,Balanced fertilizer every 2-4 weeks,Full Sun (6-8 hours),"Aphids, Flea Beetles","Spring, Summer","Peppers, Tomatoes, Basil"
Tomatillo,Verde Puebla,7-14 days,Moderate,Balanced fertilizer every 2-4 weeks,Full Sun (6-8 hours),"Aphids, Tomato Hornworms","Spring, Summer","Peppers, Tomatoes, Basil"
Tomatillo,Purple,7-14 days,Moderate,Balanced fertilizer every 2-4 weeks,Full Sun (6-8 hours),"Aphids, Tomato Hornworms","Spring, Summer","Peppers, Tomatoes, Basil"
Tomatillo,Toma Verde,7-14 days,Moderate,Balanced fertilizer every 2-4 weeks,Full Sun (6-8 hours),"Aphids, Tomato Hornworms","Spring, Summer","Peppers, Tomatoes, Basil"
Leek,American Flag,10-14 days,Moderate,Light feeding with balanced fertilizer,Full Sun (6-8 hours),"Onion Thrips, Leaf Miners","Spring, Summer, Fall","Carrots, Celery, Onions"
Leek,King Richard,10-14 days,Moderate,Light feeding with balanced fertilizer,Full Sun (6-8 hours),"Onion Thrips, Leaf Miners","Spring, Summer, Fall","Carrots, Celery, Onions"
Leek,Giant Musselburgh,10-14 days,Moderate,Light feeding with balanced fertilizer,Full Sun (6-8 hours),"Onion Thrips, Leaf Miners","Spring, Summer, Fall","Carrots, Celery, Onions"
Okra,Clemson Spineless,7-14 days,Moderate,Balanced fertilizer every 2-4 weeks,Full Sun (6-8 hours),"Aphids, Flea Beetles","Spring, Summer","Peppers, Tomatoes, Basil"
Okra,Burgundy,7-14 days,Moderate,Balanced fertilizer every 2-4 weeks,Full Sun (6-8 hours),"Aphids, Flea Beetles","Spring, Summer","Peppers, Tomatoes, Basil"
Okra,Annie Oakley,7-14 days,Moderate,Balanced fertilizer every 2-4 weeks,Full Sun (6-8 hours),"Aphids, Flea Beetles","Spring, Summer","Peppers, Tomatoes, Basil"
Rhubarb,Victoria,10-14 days,Moderate,Light feeding with balanced fertilizer,Full Sun (6-8 hours),"Aphids, Rhubarb Curculio","Spring, Summer","Strawberries, Asparagus, Peas"
Rhubarb,Crimson Red,10-14 days,Moderate,Light feeding with balanced fertilizer,Full Sun (6-8 hours),"Aphids, Rhubarb Curculio","Spring, Summer","Strawberries, Asparagus, Peas"
Rhubarb,Canada Red,10-14 days,Moderate,Light feeding with balanced fertilizer,Full Sun (6-8 hours),"Aphids, Rhubarb Curculio","Spring, Summer","Strawberries, Asparagus, Peas"
Melon,Cantaloupe,7-14 days,High,Balanced fertilizer every 2-4 weeks,Full Sun (6-8 hours),"Aphids, Cucumber Beetles",Summer,"Corn, Sunflowers, Radishes"
Melon,Honeydew,7-14 days,High,Balanced fertilizer every 2-4 weeks,Full Sun (6-8 hours),"Aphids, Cucumber Beetles",Summer,"Corn, Sunflowers, Radishes"
Melon,Watermelon,7-14 days,High,Balanced fertilizer every 2-4 weeks,Full Sun (6-8 hours),"Aphids, Cucumber Beetles",Summer,"Corn, Sunflowers, Radishes"
Pumpkin,Jack-o'-Lantern,7-14 days,High,Balanced fertilizer every 2-4 weeks,Full Sun (6-8 hours),"Squash Bugs, Cucumber Beetles","Summer, Fall","Corn, Beans, Marigolds"
Pumpkin,Sugar Pie,7-14 days,High,Balanced fertilizer every 2-4 weeks,Full Sun (6-8 hours),"Squash Bugs, Cucumber Beetles","Summer, Fall","Corn, Beans, Marigolds"
Pumpkin,Atlantic Giant,7-14 days,High,Balanced fertilizer every 2-4 weeks,Full Sun (6-8 hours),"Squash Bugs, Cucumber Beetles","Summer, Fall","Corn, Beans, Marigolds"
Corn,Sweet Corn,7-14 days,High,Balanced fertilizer every 2-4 weeks,Full Sun (6-8 hours),"Corn Earworm, Aphids",Summer,"Beans, Squash, Cucumbers"
Corn,Popcorn,7-14 days,High,Balanced fertilizer every 2-4 weeks,Full Sun (6-8 hours),"Corn Earworm, Aphids",Summer,"Beans, Squash, Cucumbers"
Corn,Indian Corn,7-14 days,High,Balanced fertilizer every 2-4 weeks,Full Sun (6-8 hours),"Corn Earworm, Aphids",Summer,"Beans, Squash, Cucumbers"
Zucchini,Black Beauty,7-10 days,Moderate,Balanced fertilizer every 2-4 weeks,Full Sun (6-8 hours),"Squash Bugs, Cucumber Beetles",Summer,"Corn, Beans, Marigolds"
Zucchini,Golden,7-10 days,Moderate,Balanced fertilizer every 2-4 weeks,Full Sun (6-8 hours),"Squash Bugs, Cucumber Beetles",Summer,"Corn, Beans, Marigolds"
Zucchini,Cocozelle,7-10 days,Moderate,Balanced fertilizer every 2-4 weeks,Full Sun (6-8 hours),"Squash Bugs, Cucumber Beetles",Summer,"Corn, Beans, Marigolds"
Cucumber,Marketmore 76,7-14 days,High,Balanced fertilizer every 2-4 weeks,Full Sun (6-8 hours),"Cucumber Beetles, Aphids",Summer,"Corn, Beans, Sunflowers"
Cucumber,Lemon,7-14 days,High,Balanced fertilizer every 2-4 weeks,Full Sun (6-8 hours),"Cucumber Beetles, Aphids",Summer,"Corn, Beans, Sunflowers"
Cucumber,Armenian,7-14 days,High,Balanced fertilizer every 2-4 weeks,Full Sun (6-8 hours),"Cucumber Beetles, Aphids",Summer,"Corn, Beans, Sunflowers"
Squash,Butternut,7-10 days,Moderate,Balanced fertilizer every 2-4 weeks,Full Sun (6-8 hours),"Squash Bugs, Vine Borers","Summer, Fall","Corn, Beans, Marigolds"
Squash,Acorn,7-10 days,Moderate,Balanced fertilizer every 2-4 weeks,Full Sun (6-8 hours),"Squash Bugs, Vine Borers","Summer, Fall","Corn, Beans, Marigolds"
Squash,Spaghetti,7-10 days,Moderate,Balanced fertilizer every 2-4 weeks,Full Sun (6-8 hours),"Squash Bugs, Vine Borers","Summer, Fall","Corn, Beans, Marigolds"
Lettuce,Romaine,7-14 days,Moderate,Light feeding with balanced fertilizer,Partial Shade (4-6 hours),"Aphids, Slugs","Spring, Fall","Carrots, Radishes, Cucumbers"
Lettuce,Butterhead,7-14 days,Moderate,Light feeding with balanced fertilizer,Partial Shade (4-6 hours),"Aphids, Slugs","Spring, Fall","Carrots, Radishes, Cucumbers"
Lettuce,Iceberg,7-14 days,Moderate,Light feeding with balanced fertilizer,Partial Shade (4-6 hours),"Aphids, Slugs","Spring, Fall","Carrots, Radishes, Cucumbers"
Mustard Greens,Southern Giant Curled,7-14 days,Moderate,Light feeding with balanced fertilizer,Full Sun (6-8 hours),"Aphids, Flea Beetles","Spring, Fall","Beans, Onions, Cabbage"
Mustard Greens,Red Giant,7-14 days,Moderate,Light feeding with balanced fertilizer,Full Sun (6-8 hours),"Aphids, Flea Beetles","Spring, Fall","Beans, Onions, Cabbage"
Mustard Greens,Mizuna,7-14 days,Moderate,Light feeding with balanced fertilizer,Full Sun (6-8 hours),"Aphids, Flea Beetles","Spring, Fall","Beans, Onions, Cabbage"
Beets,Detroit Dark Red,7-14 days,Moderate,Balanced fertilizer every 2-4 weeks,Full Sun (6-8 hours),"Leaf Miners, Aphids","Spring, Fall","Onions, Cabbage, Lettuce"
Beets,Golden,7-14 days,Moderate,Balanced fertilizer every 2-4 weeks,Full Sun (6-8 hours),"Leaf Miners, Aphids","Spring, Fall","Onions, Cabbage, Lettuce"
Beets,Chioggia,7-14 days,Moderate,Balanced fertilizer every 2-4 weeks,Full Sun (6-8 hours),"Leaf Miners, Aphids","Spring, Fall","Onions, Cabbage, Lettuce"
Carrots,Danvers,10-14 days,Moderate,Light feeding with balanced fertilizer,Full Sun (6-8 hours),"Carrot Rust Fly, Aphids","Spring, Fall","Peas, Lettuce, Tomatoes"
Carrots,Nantes,10-14 days,Moderate,Light feeding with balanced fertilizer,Full Sun (6-8 hours),"Carrot Rust Fly, Aphids","Spring, Fall","Peas, Lettuce, Tomatoes"
Carrots,Cosmic Purple,10-14 days,Moderate,Light feeding with balanced fertilizer,Full Sun (6-8 hours),"Carrot Rust Fly, Aphids","Spring, Fall","Peas, Lettuce, Tomatoes"
Parsnip,Hollow Crown,14-21 days,Moderate,Light feeding with balanced fertilizer,Full Sun (6-8 hours),"Carrot Rust Fly, Aphids","Spring, Fall","Peas, Lettuce, Tomatoes"
Parsnip,Javelin,14-21 days,Moderate,Light feeding with balanced fertilizer,Full Sun (6-8 hours),"Carrot Rust Fly, Aphids","Spring, Fall","Peas, Lettuce, Tomatoes"
Parsnip,White Gem,14-21 days,Moderate,Light feeding with balanced fertilizer,Full Sun (6-8 hours),"Carrot Rust Fly, Aphids","Spring, Fall","Peas, Lettuce, Tomatoes"
Turnip,Purple Top White Globe,7-14 days,Moderate,Light feeding with balanced fertilizer,Full Sun (6-8 hours),"Flea Beetles, Aphids","Spring, Fall","Peas, Beans, Cabbage"
Turnip,Golden Ball,7-14 days,Moderate,Light feeding with balanced fertilizer,Full Sun (6-8 hours),"Flea Beetles, Aphids","Spring, Fall","Peas, Beans, Cabbage"
Turnip,Tokyo Cross,7-14 days,Moderate,Light feeding with balanced fertilizer,Full Sun (6-8 hours),"Flea Beetles, Aphids","Spring, Fall","Peas, Beans, Cabbage"
Onion,Yellow Sweet Spanish,10-14 days,Moderate,Balanced fertilizer every 2-4 weeks,Full Sun (6-8 hours),"Onion Thrips, Leaf Miners","Spring, Summer, Fall","Carrots, Lettuce, Beets"
Onion,Red Baron,10-14 days,Moderate,Balanced fertilizer every 2-4 weeks,Full Sun (6-8 hours),"Onion Thrips, Leaf Miners","Spring, Summer, Fall","Carrots, Lettuce, Beets"
Onion,White Lisbon,10-14 days,Moderate,Balanced fertilizer every 2-4 weeks,Full Sun (6-8 hours),"Onion Thrips, Leaf Miners","Spring, Summer, Fall","Carrots, Lettuce, Beets"
Garlic,Hardneck,7-14 days,Moderate,Light feeding with balanced fertilizer,Full Sun (6-8 hours),"Onion Thrips, Garlic Rust","Fall, Winter, Spring","Carrots, Lettuce, Beets"
Garlic,Softneck,7-14 days,Moderate,Light feeding with balanced fertilizer,Full Sun (6-8 hours),"Onion Thrips, Garlic Rust","Fall, Winter, Spring","Carrots, Lettuce, Beets"
Garlic,Elephant,7-14 days,Moderate,Light feeding with balanced fertilizer,Full Sun (6-8 hours),"Onion Thrips, Garlic Rust","Fall, Winter, Spring","Carrots, Lettuce, Beets"
Shallot,Dutch Yellow,7-14 days,Moderate,Light feeding with balanced fertilizer,Full Sun (6-8 hours),"Onion Thrips, Leaf Miners","Spring, Summer, Fall","Carrots, Lettuce, Beets"
Shallot,Red Sun,7-14 days,Moderate,Light feeding with balanced fertilizer,Full Sun (6-8 hours),"Onion Thrips, Leaf Miners","Spring, Summer, Fall","Carrots, Lettuce, Beets"
Shallot,Ambition,7-14 days,Moderate,Light feeding with balanced fertilizer,Full Sun (6-8 hours),"Onion Thrips, Leaf Miners","Spring, Summer, Fall","Carrots, Lettuce, Beets"
Kale,Curly,7-10 days,Moderate,Balanced fertilizer every 2-4 weeks,Full Sun (6-8 hours),"Aphids, Cabbage Worms","Spring, Fall","Onions, Celery, Carrots"
Kale,Lacinato,7-10 days,Moderate,Balanced fertilizer every 2-4 weeks,Full Sun (6-8 hours),"Aphids, Cabbage Worms","Spring, Fall","Onions, Celery, Carrots"
Kale,Red Russian,7-10 days,Moderate,Balanced fertilizer every 2-4 weeks,Full Sun (6-8 hours),"Aphids, Cabbage Worms","Spring, Fall","Onions, Celery, Carrots"
Parsley,Italian Flat Leaf,14-28 days,Moderate,Light feeding with balanced fertilizer,Full Sun (6-8 hours),"Aphids, Parsley Worm","Spring, Summer, Fall","Tomatoes, Carrots, Asparagus"
Parsley,Curly Leaf,14-28 days,Moderate,Light feeding with balanced fertilizer,Full Sun (6-8 hours),"Aphids, Parsley Worm","Spring, Summer, Fall","Tomatoes, Carrots, Asparagus"
Parsley,Hamburg Rooted,14-28 days,Moderate,Light feeding with balanced fertilizer,Full Sun (6-8 hours),"Aphids, Parsley Worm","Spring, Summer, Fall","Tomatoes, Carrots, Asparagus"
Cilantro,Santo,7-10 days,Moderate,Light feeding with balanced fertilizer,Full Sun (6-8 hours),"Aphids, Spider Mites","Spring, Summer, Fall","Tomatoes, Peppers, Basil"
Cilantro,Calypso,7-10 days,Moderate,Light feeding with balanced fertilizer,Full Sun (6-8 hours),"Aphids, Spider Mites","Spring, Summer, Fall","Tomatoes, Peppers, Basil"
Cilantro,Leisure,7-10 days,Moderate,Light feeding with balanced fertilizer,Full Sun (6-8 hours),"Aphids, Spider Mites","Spring, Summer, Fall","Tomatoes, Peppers, Basil"
Fennel,Florence,7-14 days,Moderate,Balanced fertilizer every 2-4 weeks,Full Sun (6-8 hours),"Aphids, Whiteflies","Spring, Summer, Fall","Lettuce, Cucumbers, Dill"
Fennel,Bronze,7-14 days,Moderate,Balanced fertilizer every 2-4 weeks,Full Sun (6-8 hours),"Aphids, Whiteflies","Spring, Summer, Fall","Lettuce, Cucumbers, Dill"
Fennel,Sweet,7-14 days,Moderate,Balanced fertilizer every 2-4 weeks,Full Sun (6-8 hours),"Aphids, Whiteflies","Spring, Summer, Fall","Lettuce, Cucumbers, Dill"